[
  {
    "id": 1,
    "usuario": "teste",
    "email": "davi.fire@hotmail.com",
    "senha": "$2b$10$rmOhJNWG5dQ6LDDXO26v1OI8L2Dliur1a0QhplUb6PGmTIytvl4Xm"
  },
  {
    "id": 2,
    "usuario": "teste2",
    "email": "davi.firee@hotmail.com",
    "senha": "$2b$10$hk4g/pGdwtEDd4d9bURplO6igCRGxGj49P0GlGmlDeDHVCj/zWZGC"
  },
  {
    "id": 3,
    "usuario": "teste22",
    "email": "davi.fireee@hotmail.com",
    "senha": "$2b$10$U0ViFMw9qNQq/2Z2McX8..fLpRExJBFeDAqLw.PwTLvOFU4o8gcsq"
  },
  {
    "id": 4,
    "usuario": "davi",
    "email": "davii.fire@hotmail.com",
    "senha": "$2b$10$FXg1ih1N3KbUaRe6i2xEme.r6cxbpkpefvhS6oW04cUS/UER1uTfq"
  },
  {
    "id": 5,
    "usuario": "teste3",
    "email": "teste@unifei.edu",
    "senha": "$2b$10$exm/Why6642rI7.r7qcZiubY5/SBsg5atSYH3VXgRiO3DnQCGFOpC"
  }
]